Senior Golang Developer ValueLabs LLP,https://www.monsterindia.com/job/senior-golang-developer-valuelabs-llp-india-5144401?searchId=8fb3386f-2b19-4ce5-8a92-ee2dce121d9a
GoLang Developer DBS,https://www.monsterindia.com/job/golang-developer-dbs-india-5613969?searchId=8fb3386f-2b19-4ce5-8a92-ee2dce121d9a
Staff Engineer - Kubernetes/GoLang Vmware,https://www.monsterindia.com/job/staff-engineer-kubernetes-golang-vmware-bengaluru-bangalore-5533373?searchId=8fb3386f-2b19-4ce5-8a92-ee2dce121d9a
Full-stack developers - Java/Golang Siemens Technology,https://www.monsterindia.com/job/full-stack-developers-java-golang-siemens-technology-india-5539228?searchId=8fb3386f-2b19-4ce5-8a92-ee2dce121d9a
Golang Developer Ontoborn Technologies LLC,https://www.monsterindia.com/job/golang-developer-ontoborn-technologies-llc-bengaluru-bangalore-6007266?searchId=8fb3386f-2b19-4ce5-8a92-ee2dce121d9a
Engineering Manager - Golang Tata Group,https://www.monsterindia.com/job/engineering-manager-golang-tata-group-gurgaon-gurugram-4903857?searchId=8fb3386f-2b19-4ce5-8a92-ee2dce121d9a
"Software Engineering - Java, Python, GoLang JP Morgan Chase & Co.",https://www.monsterindia.com/job/software-engineering-java-python-golang-jp-morgan-chase-co-bengaluru-bangalore-5259026?searchId=8fb3386f-2b19-4ce5-8a92-ee2dce121d9a
Software Engineering Platform JP Morgan Chase & Co.,https://www.monsterindia.com/job/software-engineering-platform-jp-morgan-chase-co-bengaluru-bangalore-5630919?searchId=8fb3386f-2b19-4ce5-8a92-ee2dce121d9a
Golang Developer Edu Angels India Private Limited,https://www.monsterindia.com/job/golang-developer-edu-angels-india-private-limited-bengaluru-bangalore-5985980?searchId=8fb3386f-2b19-4ce5-8a92-ee2dce121d9a
"Senior SDET with C/C++/Python test automation, Linux/Unix system level background Vmware",https://www.monsterindia.com/job/senior-sdet-with-c-c-python-test-automation-linux-unix-system-level-background-vmware-bengaluru-bangalore-5522457?searchId=8fb3386f-2b19-4ce5-8a92-ee2dce121d9a
"5G Network Engineer 
                                        
                                    Infosys Limited",https://www.monsterindia.com/job/5g-network-engineer-infosys-limited-bengaluru-bangalore-5752057?searchId=8fb3386f-2b19-4ce5-8a92-ee2dce121d9a
Golang/Java Software Developer (5-10 years exp) Siemens Technology,https://www.monsterindia.com/job/golang-java-software-developer-5-10-years-exp-siemens-technology-india-4327606?searchId=8fb3386f-2b19-4ce5-8a92-ee2dce121d9a
Software Engineer - GoLang -5Y Rakuten India Enterprises Private Limited,https://www.monsterindia.com/job/software-engineer-golang-5y-rakuten-india-enterprises-private-limited-bengaluru-bangalore-4849196?searchId=8fb3386f-2b19-4ce5-8a92-ee2dce121d9a
Go-Developer for HRMS TalentPro India HR Private Limited,https://www.monsterindia.com/job/go-developer-for-hrms-talentpro-india-hr-private-limited-india-1544556?searchId=8fb3386f-2b19-4ce5-8a92-ee2dce121d9a
Golang developers Aelfric Solutions Private Limited,https://www.monsterindia.com/job/golang-developers-aelfric-solutions-private-limited-bengaluru-bangalore-5947985?searchId=8fb3386f-2b19-4ce5-8a92-ee2dce121d9a
Golang Developer role for Coffeebeans Consulting. CoffeeBeans Consultancy LLP,https://www.monsterindia.com/job/golang-developer-role-for-coffeebeans-consulting-coffeebeans-consultancy-llp-bengaluru-bangalore-5995484?searchId=8fb3386f-2b19-4ce5-8a92-ee2dce121d9a
Software Dev Engineer Amazon,https://www.monsterindia.com/job/software-dev-engineer-amazon-bengaluru-bangalore-5161208?searchId=8fb3386f-2b19-4ce5-8a92-ee2dce121d9a
MTS - III - GOLang Automation Testing Vmware,https://www.monsterindia.com/job/mts-iii-golang-automation-testing-vmware-kalyani-5489758?searchId=8fb3386f-2b19-4ce5-8a92-ee2dce121d9a
C/C++/Python/GO - System Programming - SMTS - R&D Acceleration Vmware,https://www.monsterindia.com/job/c-c-python-go-system-programming-smts-r-d-acceleration-vmware-bengaluru-bangalore-5510985?searchId=8fb3386f-2b19-4ce5-8a92-ee2dce121d9a
Member Of Technical Staff - P2 / P3 / P4 / P5 - GoLang / NodeJS Vmware,https://www.monsterindia.com/job/member-of-technical-staff-p2-p3-p4-p5-golang-nodejs-vmware-bengaluru-bangalore-5489762?searchId=8fb3386f-2b19-4ce5-8a92-ee2dce121d9a
Member of Technical Staff â€“ Golang & Kubernetes Development [2 to 5 Years] Vmware,https://www.monsterindia.com/job/member-of-technical-staff-golang-kubernetes-development-2-to-5-years-vmware-bengaluru-bangalore-4863435?searchId=8fb3386f-2b19-4ce5-8a92-ee2dce121d9a
Member of Technical Staff - Golang & Kubernetes Developer [2 to 8 Years] Vmware,https://www.monsterindia.com/job/member-of-technical-staff-golang-kubernetes-developer-2-to-8-years-vmware-bengaluru-bangalore-4863445?searchId=8fb3386f-2b19-4ce5-8a92-ee2dce121d9a
Member of Technical Staff - Dev Engineer [2 to 8 Years with Golang & Kubernetes] - Tanzu Mission Control Vmware,https://www.monsterindia.com/job/member-of-technical-staff-dev-engineer-2-to-8-years-with-golang-kubernetes-tanzu-mission-control-vmware-bengaluru-bangalore-4863440?searchId=8fb3386f-2b19-4ce5-8a92-ee2dce121d9a
SDE 2 / SDE 3 with leading e-commerce Product Firm Anlage Infotech India Private Limited,https://www.monsterindia.com/job/sde-2-sde-3-with-leading-e-commerce-product-firm-anlage-infotech-india-private-limited-bengaluru-bangalore-5913392?searchId=8fb3386f-2b19-4ce5-8a92-ee2dce121d9a
Backend Lead,https://www.monsterindia.com/job/backend-lead-bengaluru-bangalore-5967170?searchId=8fb3386f-2b19-4ce5-8a92-ee2dce121d9a
